不揮発酸濃度,揮発酸濃度,クエン酸濃度,残留糖分濃度,塩化ナトリウム濃度,遊離亜硫酸濃度,総亜硫酸濃度,密度,pH,硫酸カリウム濃度,アルコール度数
6.5,0.24,0.19,1.2,0.041,30,111,0.99254,2.99,0.46,9.4
5.5,0.29,0.3,1.1,0.022,20,110,0.98869,3.34,0.38,12.8
6.2,0.21,0.28,5.7,0.028,45,121,0.99168,3.21,1.08,12.15